CustomerID,Recency,Frequency,Monetary,R_Score,F_Score,M_Score,RFM_Segment,Customer_Segment
1011,34,2,1129.02,2,4,4,244,"04. At Risk (High F, Low R)"
1025,22,1,359.29,3,1,2,312,06. Lost/Dormant
1029,1,1,704.99,4,1,3,413,03. New/High Value Single Buyer
1046,44,1,859.82,2,1,4,214,06. Lost/Dormant
1049,14,1,225.72,4,1,1,411,06. Lost/Dormant
1082,25,1,600.69,3,1,3,313,03. New/High Value Single Buyer
1086,10,1,100.18,4,1,1,411,06. Lost/Dormant
1104,35,1,146.12,2,1,1,211,06. Lost/Dormant
1108,29,1,883.21,3,1,4,314,03. New/High Value Single Buyer
1120,29,1,999.44,3,1,4,314,03. New/High Value Single Buyer
1136,57,1,394.76,1,1,2,112,06. Lost/Dormant
1146,59,1,585.27,1,1,3,113,06. Lost/Dormant
1149,48,1,510.68,1,1,2,112,06. Lost/Dormant
1166,28,1,948.58,3,1,4,314,03. New/High Value Single Buyer
1182,26,1,876.02,3,1,4,314,03. New/High Value Single Buyer
1185,21,1,209.18,3,1,1,311,06. Lost/Dormant
1190,20,1,935.03,3,1,4,314,03. New/High Value Single Buyer
1193,18,1,218.64,3,1,1,311,06. Lost/Dormant
1200,32,1,502.65,3,1,2,312,06. Lost/Dormant
1207,7,1,425.86,4,1,2,412,06. Lost/Dormant
1212,14,1,258.83,4,1,1,411,06. Lost/Dormant
1225,40,1,696.86,2,1,3,213,06. Lost/Dormant
1228,45,1,541.21,2,1,2,212,06. Lost/Dormant
1230,4,1,328.99,4,1,2,412,06. Lost/Dormant
1256,48,1,591.17,1,1,3,113,06. Lost/Dormant
1265,45,1,557.78,2,1,3,213,06. Lost/Dormant
1273,24,1,76.86,3,1,1,311,06. Lost/Dormant
1305,5,2,1234.46,4,4,4,444,01. Champions
1317,52,1,59.14,1,1,1,111,06. Lost/Dormant
1323,58,1,692.85,1,1,3,113,06. Lost/Dormant
1331,40,1,819.21,2,1,4,214,06. Lost/Dormant
1341,41,1,180.15,2,1,1,211,06. Lost/Dormant
1372,42,1,468.37,2,1,2,212,06. Lost/Dormant
1391,47,1,546.13,1,1,3,113,06. Lost/Dormant
1392,32,1,629.21,3,1,3,313,03. New/High Value Single Buyer
1430,23,1,929.79,3,1,4,314,03. New/High Value Single Buyer
1439,7,1,848.6,4,1,4,414,03. New/High Value Single Buyer
1440,1,1,729.94,4,1,3,413,03. New/High Value Single Buyer
1464,56,1,55.01,1,1,1,111,06. Lost/Dormant
1480,4,2,1621.62,4,4,4,444,01. Champions
1500,46,1,378.74,1,1,2,112,06. Lost/Dormant
1502,56,1,748.65,1,1,3,113,06. Lost/Dormant
1504,31,1,164.76,3,1,1,311,06. Lost/Dormant
1505,11,1,763.45,4,1,3,413,03. New/High Value Single Buyer
1507,34,1,943.02,2,1,4,214,06. Lost/Dormant
1509,1,1,410.35,4,1,2,412,06. Lost/Dormant
1510,52,1,850.18,1,1,4,114,06. Lost/Dormant
1514,6,1,337.12,4,1,2,412,06. Lost/Dormant
1517,25,1,948.72,3,1,4,314,03. New/High Value Single Buyer
1519,40,2,504.2,2,4,2,242,"04. At Risk (High F, Low R)"
1520,60,1,102.76,1,1,1,111,06. Lost/Dormant
1530,23,1,161.9,3,1,1,311,06. Lost/Dormant
1567,22,1,622.98,3,1,3,313,03. New/High Value Single Buyer
1590,38,1,246.86,2,1,1,211,06. Lost/Dormant
1601,32,2,952.47,3,4,4,344,06. Lost/Dormant
1612,15,1,810.26,4,1,4,414,03. New/High Value Single Buyer
1616,58,1,375.05,1,1,2,112,06. Lost/Dormant
1643,26,1,393.52,3,1,2,312,06. Lost/Dormant
1645,26,2,1292.11,3,4,4,344,06. Lost/Dormant
1651,46,1,923.05,1,1,4,114,06. Lost/Dormant
1653,18,1,886.8,3,1,4,314,03. New/High Value Single Buyer
1659,13,1,758.71,4,1,3,413,03. New/High Value Single Buyer
1685,23,1,737.98,3,1,3,313,03. New/High Value Single Buyer
1706,53,1,577.75,1,1,3,113,06. Lost/Dormant
1711,15,1,464.83,4,1,2,412,06. Lost/Dormant
1713,21,1,393.01,3,1,2,312,06. Lost/Dormant
1715,35,2,1117.92,2,4,4,244,"04. At Risk (High F, Low R)"
1719,12,1,179.18,4,1,1,411,06. Lost/Dormant
1721,7,1,864.3,4,1,4,414,03. New/High Value Single Buyer
1731,45,1,445.34,2,1,2,212,06. Lost/Dormant
1742,59,1,145.67,1,1,1,111,06. Lost/Dormant
1744,47,1,401.31,1,1,2,112,06. Lost/Dormant
1749,42,1,948.98,2,1,4,214,06. Lost/Dormant
1753,57,1,269.0,1,1,2,112,06. Lost/Dormant
1803,3,2,1033.13,4,4,4,444,01. Champions
1813,36,1,576.05,2,1,3,213,06. Lost/Dormant
1820,55,1,815.05,1,1,4,114,06. Lost/Dormant
1828,20,1,999.29,3,1,4,314,03. New/High Value Single Buyer
1833,12,1,933.06,4,1,4,414,03. New/High Value Single Buyer
1842,43,1,604.41,2,1,3,213,06. Lost/Dormant
1878,6,1,365.45,4,1,2,412,06. Lost/Dormant
1879,55,1,442.72,1,1,2,112,06. Lost/Dormant
1886,42,1,529.14,2,1,2,212,06. Lost/Dormant
1891,7,1,753.53,4,1,3,413,03. New/High Value Single Buyer
1901,42,1,669.42,2,1,3,213,06. Lost/Dormant
1919,43,1,364.88,2,1,2,212,06. Lost/Dormant
1920,39,2,1117.91,2,4,4,244,"04. At Risk (High F, Low R)"
1924,53,1,508.86,1,1,2,112,06. Lost/Dormant
1936,58,1,588.34,1,1,3,113,06. Lost/Dormant
1944,26,1,418.55,3,1,2,312,06. Lost/Dormant
1960,1,1,845.91,4,1,4,414,03. New/High Value Single Buyer
1972,25,1,357.31,3,1,2,312,06. Lost/Dormant
1984,43,1,208.69,2,1,1,211,06. Lost/Dormant
1990,1,1,791.4,4,1,4,414,03. New/High Value Single Buyer
1992,36,1,283.12,2,1,2,212,06. Lost/Dormant
1993,36,1,730.93,2,1,3,213,06. Lost/Dormant
2009,52,1,754.71,1,1,3,113,06. Lost/Dormant
2010,8,1,783.15,4,1,4,414,03. New/High Value Single Buyer
2011,8,1,552.17,4,1,3,413,03. New/High Value Single Buyer
2029,54,1,838.32,1,1,4,114,06. Lost/Dormant
2033,16,1,778.43,3,1,3,313,03. New/High Value Single Buyer
2035,21,1,825.62,3,1,4,314,03. New/High Value Single Buyer
2036,13,1,748.49,4,1,3,413,03. New/High Value Single Buyer
2041,31,1,453.79,3,1,2,312,06. Lost/Dormant
2063,26,1,546.75,3,1,3,313,03. New/High Value Single Buyer
2072,48,1,673.63,1,1,3,113,06. Lost/Dormant
2075,42,1,712.47,2,1,3,213,06. Lost/Dormant
2077,42,1,404.18,2,1,2,212,06. Lost/Dormant
2083,50,1,927.83,1,1,4,114,06. Lost/Dormant
2101,46,1,780.73,1,1,3,113,06. Lost/Dormant
2118,31,1,447.79,3,1,2,312,06. Lost/Dormant
2121,50,1,145.26,1,1,1,111,06. Lost/Dormant
2124,12,1,957.71,4,1,4,414,03. New/High Value Single Buyer
2133,9,2,1386.69,4,4,4,444,01. Champions
2139,59,1,664.65,1,1,3,113,06. Lost/Dormant
2143,4,1,201.56,4,1,1,411,06. Lost/Dormant
2153,8,1,310.87,4,1,2,412,06. Lost/Dormant
2169,58,1,174.26,1,1,1,111,06. Lost/Dormant
2180,36,1,863.15,2,1,4,214,06. Lost/Dormant
2188,61,1,463.7,1,1,2,112,06. Lost/Dormant
2194,11,1,710.6,4,1,3,413,03. New/High Value Single Buyer
2195,17,1,69.31,3,1,1,311,06. Lost/Dormant
2200,58,1,186.21,1,1,1,111,06. Lost/Dormant
2228,60,1,997.19,1,1,4,114,06. Lost/Dormant
2229,19,1,641.14,3,1,3,313,03. New/High Value Single Buyer
2234,50,1,951.78,1,1,4,114,06. Lost/Dormant
2263,29,1,647.04,3,1,3,313,03. New/High Value Single Buyer
2291,32,1,449.75,3,1,2,312,06. Lost/Dormant
2293,22,1,872.13,3,1,4,314,03. New/High Value Single Buyer
2294,38,1,959.7,2,1,4,214,06. Lost/Dormant
2296,51,1,350.19,1,1,2,112,06. Lost/Dormant
2310,32,1,803.01,3,1,4,314,03. New/High Value Single Buyer
2336,44,1,448.68,2,1,2,212,06. Lost/Dormant
2337,38,1,232.29,2,1,1,211,06. Lost/Dormant
2341,28,1,452.28,3,1,2,312,06. Lost/Dormant
2342,31,1,845.33,3,1,4,314,03. New/High Value Single Buyer
2344,44,1,162.68,2,1,1,211,06. Lost/Dormant
2389,43,1,520.3,2,1,2,212,06. Lost/Dormant
2391,5,1,62.08,4,1,1,411,06. Lost/Dormant
2404,12,1,622.43,4,1,3,413,03. New/High Value Single Buyer
2417,43,1,767.62,2,1,3,213,06. Lost/Dormant
2419,44,1,882.81,2,1,4,214,06. Lost/Dormant
2425,37,1,560.8,2,1,3,213,06. Lost/Dormant
2438,15,1,388.39,4,1,2,412,06. Lost/Dormant
2443,34,1,846.04,2,1,4,214,06. Lost/Dormant
2444,57,1,270.46,1,1,2,112,06. Lost/Dormant
2462,49,1,447.3,1,1,2,112,06. Lost/Dormant
2468,39,1,558.68,2,1,3,213,06. Lost/Dormant
2481,51,1,809.52,1,1,4,114,06. Lost/Dormant
2489,13,1,56.65,4,1,1,411,06. Lost/Dormant
2494,31,2,1063.64,3,4,4,344,06. Lost/Dormant
2501,19,1,219.98,3,1,1,311,06. Lost/Dormant
2502,1,1,911.4,4,1,4,414,03. New/High Value Single Buyer
2522,38,1,816.81,2,1,4,214,06. Lost/Dormant
2524,59,1,922.06,1,1,4,114,06. Lost/Dormant
2526,15,2,1635.23,4,4,4,444,01. Champions
2527,47,1,992.33,1,1,4,114,06. Lost/Dormant
2531,36,1,385.47,2,1,2,212,06. Lost/Dormant
2551,32,1,110.89,3,1,1,311,06. Lost/Dormant
2556,7,1,760.62,4,1,3,413,03. New/High Value Single Buyer
2557,41,1,432.5,2,1,2,212,06. Lost/Dormant
2559,61,1,221.29,1,1,1,111,06. Lost/Dormant
2562,4,1,532.88,4,1,2,412,06. Lost/Dormant
2577,50,1,481.11,1,1,2,112,06. Lost/Dormant
2582,14,1,741.41,4,1,3,413,03. New/High Value Single Buyer
2617,59,1,575.3,1,1,3,113,06. Lost/Dormant
2624,11,1,704.76,4,1,3,413,03. New/High Value Single Buyer
2625,1,1,765.11,4,1,3,413,03. New/High Value Single Buyer
2633,28,1,911.34,3,1,4,314,03. New/High Value Single Buyer
2654,37,1,285.19,2,1,2,212,06. Lost/Dormant
2655,40,1,308.75,2,1,2,212,06. Lost/Dormant
2658,15,1,238.71,4,1,1,411,06. Lost/Dormant
2669,17,1,774.76,3,1,3,313,03. New/High Value Single Buyer
2679,18,1,743.26,3,1,3,313,03. New/High Value Single Buyer
2681,36,1,418.22,2,1,2,212,06. Lost/Dormant
2682,37,1,508.3,2,1,2,212,06. Lost/Dormant
2691,16,1,968.76,3,1,4,314,03. New/High Value Single Buyer
2695,10,1,900.14,4,1,4,414,03. New/High Value Single Buyer
2702,45,2,1164.3,2,4,4,244,"04. At Risk (High F, Low R)"
2728,12,1,642.24,4,1,3,413,03. New/High Value Single Buyer
2741,30,2,1104.57,3,4,4,344,06. Lost/Dormant
2747,46,1,387.55,1,1,2,112,06. Lost/Dormant
2749,53,1,192.9,1,1,1,111,06. Lost/Dormant
2752,45,1,614.74,2,1,3,213,06. Lost/Dormant
2753,14,1,557.69,4,1,3,413,03. New/High Value Single Buyer
2761,34,1,142.6,2,1,1,211,06. Lost/Dormant
2765,13,1,420.33,4,1,2,412,06. Lost/Dormant
2767,60,1,299.57,1,1,2,112,06. Lost/Dormant
2791,18,1,802.05,3,1,4,314,03. New/High Value Single Buyer
2809,55,1,527.97,1,1,2,112,06. Lost/Dormant
2816,43,1,681.44,2,1,3,213,06. Lost/Dormant
2824,60,1,744.13,1,1,3,113,06. Lost/Dormant
2832,57,1,945.6,1,1,4,114,06. Lost/Dormant
2843,35,1,158.15,2,1,1,211,06. Lost/Dormant
2847,46,1,504.59,1,1,2,112,06. Lost/Dormant
2848,59,1,811.38,1,1,4,114,06. Lost/Dormant
2869,9,1,74.69,4,1,1,411,06. Lost/Dormant
2879,19,1,352.55,3,1,2,312,06. Lost/Dormant
2882,13,1,285.78,4,1,2,412,06. Lost/Dormant
2890,13,1,358.72,4,1,2,412,06. Lost/Dormant
2902,55,1,242.45,1,1,1,111,06. Lost/Dormant
2911,53,1,54.89,1,1,1,111,06. Lost/Dormant
2926,4,1,140.26,4,1,1,411,06. Lost/Dormant
2940,26,1,766.8,3,1,3,313,03. New/High Value Single Buyer
2964,3,1,87.7,4,1,1,411,06. Lost/Dormant
2970,1,1,759.62,4,1,3,413,03. New/High Value Single Buyer
2975,6,1,428.09,4,1,2,412,06. Lost/Dormant
2982,46,1,232.45,1,1,1,111,06. Lost/Dormant
2988,32,1,142.01,3,1,1,311,06. Lost/Dormant
2999,17,1,860.81,3,1,4,314,03. New/High Value Single Buyer
3024,26,1,260.21,3,1,1,311,06. Lost/Dormant
3041,15,1,901.05,4,1,4,414,03. New/High Value Single Buyer
3048,15,1,242.28,4,1,1,411,06. Lost/Dormant
3103,55,1,393.53,1,1,2,112,06. Lost/Dormant
3110,56,1,906.03,1,1,4,114,06. Lost/Dormant
3114,34,1,507.84,2,1,2,212,06. Lost/Dormant
3120,22,1,439.37,3,1,2,312,06. Lost/Dormant
3131,51,1,588.15,1,1,3,113,06. Lost/Dormant
3140,31,1,921.19,3,1,4,314,03. New/High Value Single Buyer
3148,25,1,689.15,3,1,3,313,03. New/High Value Single Buyer
3150,28,1,840.13,3,1,4,314,03. New/High Value Single Buyer
3153,56,1,910.53,1,1,4,114,06. Lost/Dormant
3173,16,1,653.59,3,1,3,313,03. New/High Value Single Buyer
3174,46,1,154.78,1,1,1,111,06. Lost/Dormant
3194,41,1,126.68,2,1,1,211,06. Lost/Dormant
3196,29,1,847.68,3,1,4,314,03. New/High Value Single Buyer
3203,4,1,850.9,4,1,4,414,03. New/High Value Single Buyer
3213,1,1,700.65,4,1,3,413,03. New/High Value Single Buyer
3219,42,1,16.7,2,1,1,211,06. Lost/Dormant
3221,13,1,787.83,4,1,4,414,03. New/High Value Single Buyer
3223,6,1,467.08,4,1,2,412,06. Lost/Dormant
3230,12,1,772.45,4,1,3,413,03. New/High Value Single Buyer
3248,17,1,21.24,3,1,1,311,06. Lost/Dormant
3262,7,2,1080.46,4,4,4,444,01. Champions
3267,6,1,257.5,4,1,1,411,06. Lost/Dormant
3275,46,1,792.47,1,1,4,114,06. Lost/Dormant
3280,21,1,309.8,3,1,2,312,06. Lost/Dormant
3287,46,1,747.54,1,1,3,113,06. Lost/Dormant
3308,55,1,60.1,1,1,1,111,06. Lost/Dormant
3340,57,1,535.2,1,1,2,112,06. Lost/Dormant
3363,49,1,606.44,1,1,3,113,06. Lost/Dormant
3369,37,1,198.7,2,1,1,211,06. Lost/Dormant
3384,15,1,39.19,4,1,1,411,06. Lost/Dormant
3392,53,1,47.92,1,1,1,111,06. Lost/Dormant
3399,8,2,123.06,4,4,1,441,06. Lost/Dormant
3406,58,1,174.68,1,1,1,111,06. Lost/Dormant
3417,20,1,690.75,3,1,3,313,03. New/High Value Single Buyer
3420,24,1,707.65,3,1,3,313,03. New/High Value Single Buyer
3435,38,1,398.57,2,1,2,212,06. Lost/Dormant
3443,1,1,99.18,4,1,1,411,06. Lost/Dormant
3450,31,1,807.61,3,1,4,314,03. New/High Value Single Buyer
3463,40,1,90.69,2,1,1,211,06. Lost/Dormant
3485,52,1,813.03,1,1,4,114,06. Lost/Dormant
3502,34,1,970.83,2,1,4,214,06. Lost/Dormant
3504,38,1,764.89,2,1,3,213,06. Lost/Dormant
3509,32,1,750.26,3,1,3,313,03. New/High Value Single Buyer
3519,60,1,464.63,1,1,2,112,06. Lost/Dormant
3521,17,1,540.99,3,1,2,312,06. Lost/Dormant
3522,30,1,933.33,3,1,4,314,03. New/High Value Single Buyer
3525,22,1,290.3,3,1,2,312,06. Lost/Dormant
3527,51,1,189.04,1,1,1,111,06. Lost/Dormant
3535,19,1,487.37,3,1,2,312,06. Lost/Dormant
3538,57,1,302.83,1,1,2,112,06. Lost/Dormant
3555,13,1,731.2,4,1,3,413,03. New/High Value Single Buyer
3573,46,2,292.33000000000004,1,4,2,142,"04. At Risk (High F, Low R)"
3578,38,1,606.0,2,1,3,213,06. Lost/Dormant
3604,6,1,933.4,4,1,4,414,03. New/High Value Single Buyer
3607,14,1,862.88,4,1,4,414,03. New/High Value Single Buyer
3623,40,1,564.25,2,1,3,213,06. Lost/Dormant
3634,40,1,417.53,2,1,2,212,06. Lost/Dormant
3647,14,1,447.42,4,1,2,412,06. Lost/Dormant
3656,6,1,153.16,4,1,1,411,06. Lost/Dormant
3661,25,1,248.07,3,1,1,311,06. Lost/Dormant
3662,36,1,990.71,2,1,4,214,06. Lost/Dormant
3676,58,1,223.31,1,1,1,111,06. Lost/Dormant
3693,33,1,471.39,2,1,2,212,06. Lost/Dormant
3695,41,2,1770.85,2,4,4,244,"04. At Risk (High F, Low R)"
3697,37,1,12.13,2,1,1,211,06. Lost/Dormant
3704,8,1,472.72,4,1,2,412,06. Lost/Dormant
3705,45,1,532.4,2,1,2,212,06. Lost/Dormant
3709,57,1,753.92,1,1,3,113,06. Lost/Dormant
3719,22,1,147.84,3,1,1,311,06. Lost/Dormant
3724,35,1,490.78,2,1,2,212,06. Lost/Dormant
3735,38,1,135.66,2,1,1,211,06. Lost/Dormant
3742,11,1,283.34,4,1,2,412,06. Lost/Dormant
3747,15,1,688.74,4,1,3,413,03. New/High Value Single Buyer
3762,25,1,766.84,3,1,3,313,03. New/High Value Single Buyer
3793,40,1,363.95,2,1,2,212,06. Lost/Dormant
3804,19,1,628.23,3,1,3,313,03. New/High Value Single Buyer
3807,56,1,504.86,1,1,2,112,06. Lost/Dormant
3826,9,1,676.85,4,1,3,413,03. New/High Value Single Buyer
3832,30,1,827.45,3,1,4,314,03. New/High Value Single Buyer
3837,23,1,802.86,3,1,4,314,03. New/High Value Single Buyer
3846,49,1,876.43,1,1,4,114,06. Lost/Dormant
3852,11,1,367.88,4,1,2,412,06. Lost/Dormant
3858,54,1,664.45,1,1,3,113,06. Lost/Dormant
3871,21,1,499.42,3,1,2,312,06. Lost/Dormant
3877,49,1,140.84,1,1,1,111,06. Lost/Dormant
3878,53,1,386.41,1,1,2,112,06. Lost/Dormant
3879,20,1,610.56,3,1,3,313,03. New/High Value Single Buyer
3880,2,1,920.44,4,1,4,414,03. New/High Value Single Buyer
3906,32,1,751.84,3,1,3,313,03. New/High Value Single Buyer
3926,6,1,40.96,4,1,1,411,06. Lost/Dormant
3937,55,1,918.87,1,1,4,114,06. Lost/Dormant
3938,14,2,1731.53,4,4,4,444,01. Champions
3945,12,1,589.59,4,1,3,413,03. New/High Value Single Buyer
3954,12,1,90.0,4,1,1,411,06. Lost/Dormant
3972,6,1,151.82,4,1,1,411,06. Lost/Dormant
3983,23,1,325.03,3,1,2,312,06. Lost/Dormant
4014,7,1,393.59,4,1,2,412,06. Lost/Dormant
4022,50,1,644.07,1,1,3,113,06. Lost/Dormant
4029,38,1,886.64,2,1,4,214,06. Lost/Dormant
4044,57,1,599.08,1,1,3,113,06. Lost/Dormant
4048,30,1,522.57,3,1,2,312,06. Lost/Dormant
4052,2,1,751.51,4,1,3,413,03. New/High Value Single Buyer
4054,49,1,505.64,1,1,2,112,06. Lost/Dormant
4090,17,1,246.42,3,1,1,311,06. Lost/Dormant
4110,13,1,167.75,4,1,1,411,06. Lost/Dormant
4111,40,1,729.28,2,1,3,213,06. Lost/Dormant
4116,27,1,454.13,3,1,2,312,06. Lost/Dormant
4131,43,1,363.4,2,1,2,212,06. Lost/Dormant
4150,46,1,286.22,1,1,2,112,06. Lost/Dormant
4154,41,1,518.76,2,1,2,212,06. Lost/Dormant
4157,53,1,52.25,1,1,1,111,06. Lost/Dormant
4161,60,1,692.36,1,1,3,113,06. Lost/Dormant
4164,50,1,614.84,1,1,3,113,06. Lost/Dormant
4166,47,1,41.91,1,1,1,111,06. Lost/Dormant
4178,38,1,681.52,2,1,3,213,06. Lost/Dormant
4185,16,1,699.39,3,1,3,313,03. New/High Value Single Buyer
4190,59,1,786.12,1,1,4,114,06. Lost/Dormant
4196,9,1,390.1,4,1,2,412,06. Lost/Dormant
4214,40,1,237.72,2,1,1,211,06. Lost/Dormant
4232,33,1,596.28,2,1,3,213,06. Lost/Dormant
4257,16,1,653.39,3,1,3,313,03. New/High Value Single Buyer
4271,55,1,35.48,1,1,1,111,06. Lost/Dormant
4275,44,1,752.68,2,1,3,213,06. Lost/Dormant
4279,54,1,144.37,1,1,1,111,06. Lost/Dormant
4290,31,1,321.04,3,1,2,312,06. Lost/Dormant
4291,48,1,627.93,1,1,3,113,06. Lost/Dormant
4302,59,1,793.2,1,1,4,114,06. Lost/Dormant
4308,9,1,630.95,4,1,3,413,03. New/High Value Single Buyer
4371,44,1,754.8,2,1,3,213,06. Lost/Dormant
4387,20,1,147.19,3,1,1,311,06. Lost/Dormant
4401,33,2,508.21,2,4,2,242,"04. At Risk (High F, Low R)"
4450,51,1,403.08,1,1,2,112,06. Lost/Dormant
4470,2,1,198.12,4,1,1,411,06. Lost/Dormant
4475,39,1,799.85,2,1,4,214,06. Lost/Dormant
4483,20,1,504.24,3,1,2,312,06. Lost/Dormant
4485,3,1,46.29,4,1,1,411,06. Lost/Dormant
4510,27,1,140.99,3,1,1,311,06. Lost/Dormant
4517,3,1,195.28,4,1,1,411,06. Lost/Dormant
4522,8,1,858.01,4,1,4,414,03. New/High Value Single Buyer
4532,32,1,826.31,3,1,4,314,03. New/High Value Single Buyer
4533,8,1,158.02,4,1,1,411,06. Lost/Dormant
4538,9,1,871.0,4,1,4,414,03. New/High Value Single Buyer
4555,31,1,216.8,3,1,1,311,06. Lost/Dormant
4559,56,1,897.63,1,1,4,114,06. Lost/Dormant
4562,15,1,86.43,4,1,1,411,06. Lost/Dormant
4568,54,1,243.61,1,1,1,111,06. Lost/Dormant
4575,32,1,309.12,3,1,2,312,06. Lost/Dormant
4585,50,1,806.07,1,1,4,114,06. Lost/Dormant
4598,18,1,331.04,3,1,2,312,06. Lost/Dormant
4608,61,1,80.28,1,1,1,111,06. Lost/Dormant
4614,45,1,88.42,2,1,1,211,06. Lost/Dormant
4616,23,1,720.67,3,1,3,313,03. New/High Value Single Buyer
4617,22,1,836.4,3,1,4,314,03. New/High Value Single Buyer
4624,5,1,221.22,4,1,1,411,06. Lost/Dormant
4626,20,1,232.86,3,1,1,311,06. Lost/Dormant
4630,40,1,781.33,2,1,3,213,06. Lost/Dormant
4637,29,1,749.38,3,1,3,313,03. New/High Value Single Buyer
4646,14,1,674.63,4,1,3,413,03. New/High Value Single Buyer
4675,15,1,985.03,4,1,4,414,03. New/High Value Single Buyer
4683,27,1,295.78,3,1,2,312,06. Lost/Dormant
4695,51,2,805.14,1,4,4,144,"04. At Risk (High F, Low R)"
4700,42,1,687.2,2,1,3,213,06. Lost/Dormant
4714,14,1,656.25,4,1,3,413,03. New/High Value Single Buyer
4727,14,1,99.48,4,1,1,411,06. Lost/Dormant
4728,47,1,33.43,1,1,1,111,06. Lost/Dormant
4729,3,1,266.06,4,1,1,411,06. Lost/Dormant
4743,35,1,345.54,2,1,2,212,06. Lost/Dormant
4750,18,1,837.6,3,1,4,314,03. New/High Value Single Buyer
4751,37,1,98.44,2,1,1,211,06. Lost/Dormant
4755,49,1,836.59,1,1,4,114,06. Lost/Dormant
4759,1,1,804.28,4,1,4,414,03. New/High Value Single Buyer
4762,46,1,466.02,1,1,2,112,06. Lost/Dormant
4765,37,1,391.61,2,1,2,212,06. Lost/Dormant
4770,23,1,803.91,3,1,4,314,03. New/High Value Single Buyer
4788,11,2,714.16,4,4,3,443,01. Champions
4792,43,1,709.89,2,1,3,213,06. Lost/Dormant
4804,27,3,2073.33,3,4,4,344,06. Lost/Dormant
4812,16,2,1279.44,3,4,4,344,06. Lost/Dormant
4814,56,1,159.18,1,1,1,111,06. Lost/Dormant
4817,45,1,812.96,2,1,4,214,06. Lost/Dormant
4858,33,1,756.22,2,1,3,213,06. Lost/Dormant
4863,26,1,437.9,3,1,2,312,06. Lost/Dormant
4868,7,1,369.06,4,1,2,412,06. Lost/Dormant
4871,55,1,154.98,1,1,1,111,06. Lost/Dormant
4878,6,1,170.88,4,1,1,411,06. Lost/Dormant
4879,43,1,268.38,2,1,2,212,06. Lost/Dormant
4882,48,1,812.6,1,1,4,114,06. Lost/Dormant
4892,29,1,786.46,3,1,4,314,03. New/High Value Single Buyer
4893,42,1,130.63,2,1,1,211,06. Lost/Dormant
4909,58,1,252.03,1,1,1,111,06. Lost/Dormant
4912,41,1,723.79,2,1,3,213,06. Lost/Dormant
4913,7,1,964.36,4,1,4,414,03. New/High Value Single Buyer
4920,16,1,166.79,3,1,1,311,06. Lost/Dormant
4923,58,1,248.46,1,1,1,111,06. Lost/Dormant
4943,25,2,626.79,3,4,3,343,06. Lost/Dormant
4944,48,1,587.51,1,1,3,113,06. Lost/Dormant
4948,7,1,233.09,4,1,1,411,06. Lost/Dormant
4974,17,2,982.95,3,4,4,344,06. Lost/Dormant
4982,1,1,624.79,4,1,3,413,03. New/High Value Single Buyer
4986,42,1,667.32,2,1,3,213,06. Lost/Dormant
4990,53,1,789.11,1,1,4,114,06. Lost/Dormant
5009,14,1,53.79,4,1,1,411,06. Lost/Dormant
5011,31,1,615.16,3,1,3,313,03. New/High Value Single Buyer
5033,24,1,598.57,3,1,3,313,03. New/High Value Single Buyer
5040,15,1,628.78,4,1,3,413,03. New/High Value Single Buyer
5049,14,1,994.59,4,1,4,414,03. New/High Value Single Buyer
5051,49,1,840.84,1,1,4,114,06. Lost/Dormant
5059,44,1,648.17,2,1,3,213,06. Lost/Dormant
5060,19,1,248.74,3,1,1,311,06. Lost/Dormant
5067,6,2,1005.37,4,4,4,444,01. Champions
5076,47,1,696.59,1,1,3,113,06. Lost/Dormant
5087,59,1,461.88,1,1,2,112,06. Lost/Dormant
5088,19,1,111.77,3,1,1,311,06. Lost/Dormant
5102,56,1,378.13,1,1,2,112,06. Lost/Dormant
5105,49,1,638.71,1,1,3,113,06. Lost/Dormant
5106,18,1,758.02,3,1,3,313,03. New/High Value Single Buyer
5107,4,1,49.09,4,1,1,411,06. Lost/Dormant
5114,4,1,909.08,4,1,4,414,03. New/High Value Single Buyer
5150,31,1,642.13,3,1,3,313,03. New/High Value Single Buyer
5173,59,1,711.7,1,1,3,113,06. Lost/Dormant
5179,12,1,111.88,4,1,1,411,06. Lost/Dormant
5192,20,1,238.85,3,1,1,311,06. Lost/Dormant
5201,14,1,484.29,4,1,2,412,06. Lost/Dormant
5215,16,1,194.34,3,1,1,311,06. Lost/Dormant
5216,13,1,823.38,4,1,4,414,03. New/High Value Single Buyer
5221,5,1,393.3,4,1,2,412,06. Lost/Dormant
5224,57,1,388.85,1,1,2,112,06. Lost/Dormant
5254,28,2,1132.47,3,4,4,344,06. Lost/Dormant
5272,48,1,673.03,1,1,3,113,06. Lost/Dormant
5281,7,1,540.74,4,1,2,412,06. Lost/Dormant
5285,20,1,365.96,3,1,2,312,06. Lost/Dormant
5298,19,1,864.01,3,1,4,314,03. New/High Value Single Buyer
5308,16,1,975.3,3,1,4,314,03. New/High Value Single Buyer
5331,38,1,241.68,2,1,1,211,06. Lost/Dormant
5334,11,1,793.34,4,1,4,414,03. New/High Value Single Buyer
5342,40,1,627.03,2,1,3,213,06. Lost/Dormant
5347,58,1,135.49,1,1,1,111,06. Lost/Dormant
5349,59,1,117.32,1,1,1,111,06. Lost/Dormant
5350,20,1,785.07,3,1,4,314,03. New/High Value Single Buyer
5371,51,1,789.5,1,1,4,114,06. Lost/Dormant
5382,23,1,648.2,3,1,3,313,03. New/High Value Single Buyer
5438,42,1,258.89,2,1,1,211,06. Lost/Dormant
5444,9,1,87.11,4,1,1,411,06. Lost/Dormant
5450,53,1,118.13,1,1,1,111,06. Lost/Dormant
5460,29,1,544.58,3,1,3,313,03. New/High Value Single Buyer
5469,33,1,906.25,2,1,4,214,06. Lost/Dormant
5470,49,1,810.73,1,1,4,114,06. Lost/Dormant
5471,34,1,490.79,2,1,2,212,06. Lost/Dormant
5476,54,1,801.35,1,1,4,114,06. Lost/Dormant
5477,17,1,764.79,3,1,3,313,03. New/High Value Single Buyer
5488,38,1,825.27,2,1,4,214,06. Lost/Dormant
5494,59,1,974.55,1,1,4,114,06. Lost/Dormant
5499,33,1,86.71,2,1,1,211,06. Lost/Dormant
5511,34,1,896.53,2,1,4,214,06. Lost/Dormant
5512,36,1,152.41,2,1,1,211,06. Lost/Dormant
5520,12,1,405.44,4,1,2,412,06. Lost/Dormant
5521,35,1,306.75,2,1,2,212,06. Lost/Dormant
5533,59,1,13.51,1,1,1,111,06. Lost/Dormant
5543,12,1,779.9,4,1,3,413,03. New/High Value Single Buyer
5557,10,3,2379.45,4,4,4,444,01. Champions
5558,13,1,951.69,4,1,4,414,03. New/High Value Single Buyer
5564,6,1,78.73,4,1,1,411,06. Lost/Dormant
5582,9,1,989.2,4,1,4,414,03. New/High Value Single Buyer
5583,37,2,839.24,2,4,4,244,"04. At Risk (High F, Low R)"
5622,44,1,133.79,2,1,1,211,06. Lost/Dormant
5634,15,2,720.25,4,4,3,443,01. Champions
5660,23,1,26.14,3,1,1,311,06. Lost/Dormant
5664,20,1,745.5,3,1,3,313,03. New/High Value Single Buyer
5670,60,1,392.7,1,1,2,112,06. Lost/Dormant
5673,34,1,699.63,2,1,3,213,06. Lost/Dormant
5687,6,1,540.28,4,1,2,412,06. Lost/Dormant
5694,32,1,635.4,3,1,3,313,03. New/High Value Single Buyer
5706,41,1,292.56,2,1,2,212,06. Lost/Dormant
5719,33,1,882.04,2,1,4,214,06. Lost/Dormant
5735,16,1,215.21,3,1,1,311,06. Lost/Dormant
5742,41,1,128.78,2,1,1,211,06. Lost/Dormant
5747,11,1,400.38,4,1,2,412,06. Lost/Dormant
5762,19,1,76.69,3,1,1,311,06. Lost/Dormant
5781,35,1,393.92,2,1,2,212,06. Lost/Dormant
5803,8,1,632.35,4,1,3,413,03. New/High Value Single Buyer
5809,48,1,950.81,1,1,4,114,06. Lost/Dormant
5813,55,1,476.07,1,1,2,112,06. Lost/Dormant
5819,33,1,185.65,2,1,1,211,06. Lost/Dormant
5833,38,1,618.48,2,1,3,213,06. Lost/Dormant
5837,60,1,978.17,1,1,4,114,06. Lost/Dormant
5843,45,1,907.84,2,1,4,214,06. Lost/Dormant
5853,47,1,367.27,1,1,2,112,06. Lost/Dormant
5861,48,1,969.02,1,1,4,114,06. Lost/Dormant
5888,25,1,606.76,3,1,3,313,03. New/High Value Single Buyer
5890,18,1,117.02,3,1,1,311,06. Lost/Dormant
5903,41,1,374.88,2,1,2,212,06. Lost/Dormant
5905,2,1,666.75,4,1,3,413,03. New/High Value Single Buyer
5915,45,1,566.52,2,1,3,213,06. Lost/Dormant
5919,59,1,812.08,1,1,4,114,06. Lost/Dormant
5920,47,1,222.67,1,1,1,111,06. Lost/Dormant
5923,14,1,448.68,4,1,2,412,06. Lost/Dormant
5933,35,2,1163.24,2,4,4,244,"04. At Risk (High F, Low R)"
5938,1,1,219.12,4,1,1,411,06. Lost/Dormant
5949,31,1,252.43,3,1,1,311,06. Lost/Dormant
5970,33,1,748.15,2,1,3,213,06. Lost/Dormant
5990,5,1,513.25,4,1,2,412,06. Lost/Dormant
5994,51,1,987.78,1,1,4,114,06. Lost/Dormant
6005,15,1,702.45,4,1,3,413,03. New/High Value Single Buyer
6008,17,1,588.33,3,1,3,313,03. New/High Value Single Buyer
6050,38,1,899.99,2,1,4,214,06. Lost/Dormant
6053,45,1,366.05,2,1,2,212,06. Lost/Dormant
6068,47,1,254.92,1,1,1,111,06. Lost/Dormant
6071,15,1,770.94,4,1,3,413,03. New/High Value Single Buyer
6077,56,1,516.19,1,1,2,112,06. Lost/Dormant
6085,47,1,808.5,1,1,4,114,06. Lost/Dormant
6096,55,1,582.9,1,1,3,113,06. Lost/Dormant
6107,36,1,995.2,2,1,4,214,06. Lost/Dormant
6134,21,1,67.43,3,1,1,311,06. Lost/Dormant
6168,36,1,275.06,2,1,2,212,06. Lost/Dormant
6169,54,1,745.45,1,1,3,113,06. Lost/Dormant
6172,35,1,955.89,2,1,4,214,06. Lost/Dormant
6175,35,1,368.65,2,1,2,212,06. Lost/Dormant
6188,38,1,115.49,2,1,1,211,06. Lost/Dormant
6201,57,1,561.77,1,1,3,113,06. Lost/Dormant
6210,10,1,740.72,4,1,3,413,03. New/High Value Single Buyer
6221,45,1,952.15,2,1,4,214,06. Lost/Dormant
6228,46,1,471.81,1,1,2,112,06. Lost/Dormant
6234,51,1,639.82,1,1,3,113,06. Lost/Dormant
6236,18,1,148.53,3,1,1,311,06. Lost/Dormant
6253,46,1,308.75,1,1,2,112,06. Lost/Dormant
6262,55,1,89.27,1,1,1,111,06. Lost/Dormant
6267,23,1,480.87,3,1,2,312,06. Lost/Dormant
6269,12,1,290.23,4,1,2,412,06. Lost/Dormant
6277,23,1,156.85,3,1,1,311,06. Lost/Dormant
6293,51,1,632.87,1,1,3,113,06. Lost/Dormant
6295,6,1,971.26,4,1,4,414,03. New/High Value Single Buyer
6298,18,1,924.9,3,1,4,314,03. New/High Value Single Buyer
6299,33,1,34.66,2,1,1,211,06. Lost/Dormant
6302,16,1,299.71,3,1,2,312,06. Lost/Dormant
6303,15,1,473.71,4,1,2,412,06. Lost/Dormant
6319,7,1,378.0,4,1,2,412,06. Lost/Dormant
6323,6,1,462.97,4,1,2,412,06. Lost/Dormant
6327,6,1,284.12,4,1,2,412,06. Lost/Dormant
6328,6,1,481.39,4,1,2,412,06. Lost/Dormant
6344,36,1,700.24,2,1,3,213,06. Lost/Dormant
6345,41,1,458.23,2,1,2,212,06. Lost/Dormant
6347,60,1,637.78,1,1,3,113,06. Lost/Dormant
6354,29,1,700.79,3,1,3,313,03. New/High Value Single Buyer
6363,48,1,460.15,1,1,2,112,06. Lost/Dormant
6381,9,1,136.52,4,1,1,411,06. Lost/Dormant
6383,7,1,677.61,4,1,3,413,03. New/High Value Single Buyer
6399,33,1,341.39,2,1,2,212,06. Lost/Dormant
6400,19,1,131.01,3,1,1,311,06. Lost/Dormant
6411,16,1,477.68,3,1,2,312,06. Lost/Dormant
6416,46,1,12.71,1,1,1,111,06. Lost/Dormant
6420,39,1,136.93,2,1,1,211,06. Lost/Dormant
6431,17,1,245.2,3,1,1,311,06. Lost/Dormant
6432,11,1,436.15,4,1,2,412,06. Lost/Dormant
6439,26,1,769.74,3,1,3,313,03. New/High Value Single Buyer
6447,53,1,53.89,1,1,1,111,06. Lost/Dormant
6478,39,1,880.99,2,1,4,214,06. Lost/Dormant
6482,57,1,336.39,1,1,2,112,06. Lost/Dormant
6499,20,1,98.41,3,1,1,311,06. Lost/Dormant
6502,41,1,894.1,2,1,4,214,06. Lost/Dormant
6517,5,1,768.64,4,1,3,413,03. New/High Value Single Buyer
6542,28,1,527.87,3,1,2,312,06. Lost/Dormant
6544,2,1,969.96,4,1,4,414,03. New/High Value Single Buyer
6549,10,1,124.02,4,1,1,411,06. Lost/Dormant
6570,1,1,125.84,4,1,1,411,06. Lost/Dormant
6574,44,1,163.92,2,1,1,211,06. Lost/Dormant
6582,16,1,185.69,3,1,1,311,06. Lost/Dormant
6584,38,1,827.06,2,1,4,214,06. Lost/Dormant
6598,1,1,768.49,4,1,3,413,03. New/High Value Single Buyer
6614,35,1,987.32,2,1,4,214,06. Lost/Dormant
6617,43,2,1148.94,2,4,4,244,"04. At Risk (High F, Low R)"
6621,38,1,192.07,2,1,1,211,06. Lost/Dormant
6633,48,1,418.53,1,1,2,112,06. Lost/Dormant
6634,43,1,474.51,2,1,2,212,06. Lost/Dormant
6638,60,1,417.64,1,1,2,112,06. Lost/Dormant
6644,17,1,73.12,3,1,1,311,06. Lost/Dormant
6658,36,1,139.46,2,1,1,211,06. Lost/Dormant
6661,24,1,306.16,3,1,2,312,06. Lost/Dormant
6669,1,1,941.5,4,1,4,414,03. New/High Value Single Buyer
6688,27,1,434.09,3,1,2,312,06. Lost/Dormant
6703,39,1,963.65,2,1,4,214,06. Lost/Dormant
6706,31,1,106.65,3,1,1,311,06. Lost/Dormant
6707,42,1,349.64,2,1,2,212,06. Lost/Dormant
6714,26,1,934.36,3,1,4,314,03. New/High Value Single Buyer
6730,39,1,171.88,2,1,1,211,06. Lost/Dormant
6742,45,1,789.15,2,1,4,214,06. Lost/Dormant
6761,1,1,571.97,4,1,3,413,03. New/High Value Single Buyer
6770,51,1,148.56,1,1,1,111,06. Lost/Dormant
6776,22,1,998.17,3,1,4,314,03. New/High Value Single Buyer
6781,9,1,869.04,4,1,4,414,03. New/High Value Single Buyer
6816,51,1,650.53,1,1,3,113,06. Lost/Dormant
6818,8,1,637.32,4,1,3,413,03. New/High Value Single Buyer
6820,48,1,673.47,1,1,3,113,06. Lost/Dormant
6822,21,1,309.3,3,1,2,312,06. Lost/Dormant
6828,36,1,518.33,2,1,2,212,06. Lost/Dormant
6829,26,1,941.73,3,1,4,314,03. New/High Value Single Buyer
6850,11,1,76.88,4,1,1,411,06. Lost/Dormant
6860,2,1,507.81,4,1,2,412,06. Lost/Dormant
6869,11,1,790.55,4,1,4,414,03. New/High Value Single Buyer
6873,29,1,307.19,3,1,2,312,06. Lost/Dormant
6876,9,1,458.07,4,1,2,412,06. Lost/Dormant
6878,59,1,226.63,1,1,1,111,06. Lost/Dormant
6885,13,1,196.54,4,1,1,411,06. Lost/Dormant
6890,17,1,896.55,3,1,4,314,03. New/High Value Single Buyer
6896,13,1,277.07,4,1,2,412,06. Lost/Dormant
6898,33,1,453.02,2,1,2,212,06. Lost/Dormant
6901,10,1,680.0,4,1,3,413,03. New/High Value Single Buyer
6911,61,1,433.33,1,1,2,112,06. Lost/Dormant
6916,2,1,323.31,4,1,2,412,06. Lost/Dormant
6934,21,1,892.66,3,1,4,314,03. New/High Value Single Buyer
6939,26,1,295.72,3,1,2,312,06. Lost/Dormant
6963,37,1,921.02,2,1,4,214,06. Lost/Dormant
6967,34,1,79.27,2,1,1,211,06. Lost/Dormant
6986,27,1,686.11,3,1,3,313,03. New/High Value Single Buyer
7018,2,1,799.32,4,1,4,414,03. New/High Value Single Buyer
7022,5,1,306.26,4,1,2,412,06. Lost/Dormant
7025,13,1,592.5,4,1,3,413,03. New/High Value Single Buyer
7043,51,1,609.83,1,1,3,113,06. Lost/Dormant
7046,11,2,1662.1,4,4,4,444,01. Champions
7049,24,1,557.0,3,1,3,313,03. New/High Value Single Buyer
7054,43,1,166.17,2,1,1,211,06. Lost/Dormant
7078,19,1,949.89,3,1,4,314,03. New/High Value Single Buyer
7084,12,1,98.59,4,1,1,411,06. Lost/Dormant
7099,38,1,855.78,2,1,4,214,06. Lost/Dormant
7116,17,1,149.94,3,1,1,311,06. Lost/Dormant
7135,4,1,388.65,4,1,2,412,06. Lost/Dormant
7146,33,1,84.76,2,1,1,211,06. Lost/Dormant
7151,51,1,734.67,1,1,3,113,06. Lost/Dormant
7164,7,1,740.7,4,1,3,413,03. New/High Value Single Buyer
7170,24,1,906.98,3,1,4,314,03. New/High Value Single Buyer
7179,18,1,608.92,3,1,3,313,03. New/High Value Single Buyer
7199,42,1,736.66,2,1,3,213,06. Lost/Dormant
7204,39,1,550.56,2,1,3,213,06. Lost/Dormant
7209,40,1,38.41,2,1,1,211,06. Lost/Dormant
7211,18,1,750.65,3,1,3,313,03. New/High Value Single Buyer
7224,55,1,365.39,1,1,2,112,06. Lost/Dormant
7240,23,1,535.25,3,1,2,312,06. Lost/Dormant
7242,9,1,642.16,4,1,3,413,03. New/High Value Single Buyer
7251,8,2,444.89,4,4,2,442,06. Lost/Dormant
7256,29,1,532.19,3,1,2,312,06. Lost/Dormant
7275,20,1,490.73,3,1,2,312,06. Lost/Dormant
7286,34,1,193.9,2,1,1,211,06. Lost/Dormant
7288,13,1,742.35,4,1,3,413,03. New/High Value Single Buyer
7291,39,1,963.62,2,1,4,214,06. Lost/Dormant
7296,2,1,984.6,4,1,4,414,03. New/High Value Single Buyer
7322,45,1,544.83,2,1,3,213,06. Lost/Dormant
7334,40,1,973.99,2,1,4,214,06. Lost/Dormant
7342,9,1,527.36,4,1,2,412,06. Lost/Dormant
7358,31,1,918.72,3,1,4,314,03. New/High Value Single Buyer
7363,39,3,1386.3200000000002,2,4,4,244,"04. At Risk (High F, Low R)"
7408,32,1,774.62,3,1,3,313,03. New/High Value Single Buyer
7418,43,1,649.71,2,1,3,213,06. Lost/Dormant
7421,53,1,599.09,1,1,3,113,06. Lost/Dormant
7429,57,1,547.76,1,1,3,113,06. Lost/Dormant
7431,24,1,123.09,3,1,1,311,06. Lost/Dormant
7434,30,1,150.75,3,1,1,311,06. Lost/Dormant
7437,38,1,122.75,2,1,1,211,06. Lost/Dormant
7445,14,1,165.44,4,1,1,411,06. Lost/Dormant
7453,38,1,796.95,2,1,4,214,06. Lost/Dormant
7455,24,1,568.75,3,1,3,313,03. New/High Value Single Buyer
7457,22,1,939.75,3,1,4,314,03. New/High Value Single Buyer
7461,57,1,595.98,1,1,3,113,06. Lost/Dormant
7484,53,1,674.97,1,1,3,113,06. Lost/Dormant
7498,1,1,717.86,4,1,3,413,03. New/High Value Single Buyer
7511,7,2,1018.2,4,4,4,444,01. Champions
7521,41,1,653.07,2,1,3,213,06. Lost/Dormant
7529,29,1,440.15,3,1,2,312,06. Lost/Dormant
7543,38,1,227.13,2,1,1,211,06. Lost/Dormant
7557,32,1,279.11,3,1,2,312,06. Lost/Dormant
7563,38,1,689.42,2,1,3,213,06. Lost/Dormant
7566,27,1,511.55,3,1,2,312,06. Lost/Dormant
7606,38,1,54.79,2,1,1,211,06. Lost/Dormant
7622,6,1,519.45,4,1,2,412,06. Lost/Dormant
7626,16,1,643.74,3,1,3,313,03. New/High Value Single Buyer
7653,26,1,835.39,3,1,4,314,03. New/High Value Single Buyer
7666,20,1,935.68,3,1,4,314,03. New/High Value Single Buyer
7669,49,1,103.38,1,1,1,111,06. Lost/Dormant
7670,29,1,115.4,3,1,1,311,06. Lost/Dormant
7678,40,1,547.19,2,1,3,213,06. Lost/Dormant
7693,33,1,692.48,2,1,3,213,06. Lost/Dormant
7708,9,1,579.15,4,1,3,413,03. New/High Value Single Buyer
7717,6,1,658.23,4,1,3,413,03. New/High Value Single Buyer
7723,29,1,777.22,3,1,3,313,03. New/High Value Single Buyer
7730,23,1,151.29,3,1,1,311,06. Lost/Dormant
7735,32,1,865.2,3,1,4,314,03. New/High Value Single Buyer
7753,45,1,164.16,2,1,1,211,06. Lost/Dormant
7770,58,1,195.71,1,1,1,111,06. Lost/Dormant
7775,42,1,282.4,2,1,2,212,06. Lost/Dormant
7781,59,1,566.9,1,1,3,113,06. Lost/Dormant
7785,44,1,223.41,2,1,1,211,06. Lost/Dormant
7793,10,2,391.96,4,4,2,442,06. Lost/Dormant
7797,20,2,510.52,3,4,2,342,06. Lost/Dormant
7798,40,1,934.91,2,1,4,214,06. Lost/Dormant
7807,8,1,487.67,4,1,2,412,06. Lost/Dormant
7809,16,1,841.49,3,1,4,314,03. New/High Value Single Buyer
7821,35,1,157.73,2,1,1,211,06. Lost/Dormant
7824,24,1,314.6,3,1,2,312,06. Lost/Dormant
7825,22,1,642.6,3,1,3,313,03. New/High Value Single Buyer
7859,23,1,916.75,3,1,4,314,03. New/High Value Single Buyer
7862,8,1,899.64,4,1,4,414,03. New/High Value Single Buyer
7865,27,1,750.04,3,1,3,313,03. New/High Value Single Buyer
7870,47,1,328.58,1,1,2,112,06. Lost/Dormant
7883,37,1,905.79,2,1,4,214,06. Lost/Dormant
7885,42,1,787.87,2,1,4,214,06. Lost/Dormant
7889,11,1,887.98,4,1,4,414,03. New/High Value Single Buyer
7909,20,1,887.26,3,1,4,314,03. New/High Value Single Buyer
7911,21,1,616.19,3,1,3,313,03. New/High Value Single Buyer
7916,23,1,72.89,3,1,1,311,06. Lost/Dormant
7921,43,1,617.0,2,1,3,213,06. Lost/Dormant
7932,11,1,383.22,4,1,2,412,06. Lost/Dormant
7939,17,2,763.0699999999999,3,4,3,343,06. Lost/Dormant
7955,56,1,436.3,1,1,2,112,06. Lost/Dormant
7965,55,1,738.63,1,1,3,113,06. Lost/Dormant
7971,14,2,816.85,4,4,4,444,01. Champions
7981,51,1,692.87,1,1,3,113,06. Lost/Dormant
7984,18,1,116.88,3,1,1,311,06. Lost/Dormant
7997,5,1,113.06,4,1,1,411,06. Lost/Dormant
8001,8,1,554.97,4,1,3,413,03. New/High Value Single Buyer
8017,51,1,14.78,1,1,1,111,06. Lost/Dormant
8043,11,1,584.18,4,1,3,413,03. New/High Value Single Buyer
8061,33,1,561.42,2,1,3,213,06. Lost/Dormant
8078,14,1,329.1,4,1,2,412,06. Lost/Dormant
8094,41,1,26.72,2,1,1,211,06. Lost/Dormant
8105,5,1,689.91,4,1,3,413,03. New/High Value Single Buyer
8123,51,1,459.19,1,1,2,112,06. Lost/Dormant
8126,28,1,643.39,3,1,3,313,03. New/High Value Single Buyer
8135,50,1,736.46,1,1,3,113,06. Lost/Dormant
8145,44,1,841.71,2,1,4,214,06. Lost/Dormant
8149,23,1,984.39,3,1,4,314,03. New/High Value Single Buyer
8161,36,1,257.4,2,1,1,211,06. Lost/Dormant
8178,50,1,615.21,1,1,3,113,06. Lost/Dormant
8179,15,1,425.46,4,1,2,412,06. Lost/Dormant
8195,54,1,474.01,1,1,2,112,06. Lost/Dormant
8199,28,1,527.52,3,1,2,312,06. Lost/Dormant
8201,36,1,885.55,2,1,4,214,06. Lost/Dormant
8210,39,1,725.21,2,1,3,213,06. Lost/Dormant
8216,40,2,1117.49,2,4,4,244,"04. At Risk (High F, Low R)"
8225,41,1,424.59,2,1,2,212,06. Lost/Dormant
8239,56,1,605.2,1,1,3,113,06. Lost/Dormant
8242,13,1,61.1,4,1,1,411,06. Lost/Dormant
8244,18,1,221.56,3,1,1,311,06. Lost/Dormant
8251,22,1,816.86,3,1,4,314,03. New/High Value Single Buyer
8254,37,1,567.54,2,1,3,213,06. Lost/Dormant
8269,51,1,697.06,1,1,3,113,06. Lost/Dormant
8273,13,1,86.12,4,1,1,411,06. Lost/Dormant
8292,56,1,812.41,1,1,4,114,06. Lost/Dormant
8300,13,1,599.18,4,1,3,413,03. New/High Value Single Buyer
8310,51,1,187.35,1,1,1,111,06. Lost/Dormant
8311,48,1,996.4,1,1,4,114,06. Lost/Dormant
8317,11,2,974.88,4,4,4,444,01. Champions
8324,41,1,127.52,2,1,1,211,06. Lost/Dormant
8342,11,1,27.07,4,1,1,411,06. Lost/Dormant
8355,47,1,538.67,1,1,2,112,06. Lost/Dormant
8359,23,1,992.85,3,1,4,314,03. New/High Value Single Buyer
8362,43,1,821.22,2,1,4,214,06. Lost/Dormant
8368,45,1,355.09,2,1,2,212,06. Lost/Dormant
8369,7,1,377.37,4,1,2,412,06. Lost/Dormant
8370,14,1,341.31,4,1,2,412,06. Lost/Dormant
8372,32,1,683.31,3,1,3,313,03. New/High Value Single Buyer
8381,3,1,448.29,4,1,2,412,06. Lost/Dormant
8399,32,1,828.74,3,1,4,314,03. New/High Value Single Buyer
8405,29,1,229.33,3,1,1,311,06. Lost/Dormant
8414,54,1,106.46,1,1,1,111,06. Lost/Dormant
8418,44,1,703.47,2,1,3,213,06. Lost/Dormant
8429,53,1,518.12,1,1,2,112,06. Lost/Dormant
8432,40,1,165.84,2,1,1,211,06. Lost/Dormant
8449,56,1,257.58,1,1,1,111,06. Lost/Dormant
8450,2,1,409.92,4,1,2,412,06. Lost/Dormant
8483,61,1,375.23,1,1,2,112,06. Lost/Dormant
8484,7,1,309.1,4,1,2,412,06. Lost/Dormant
8490,54,1,701.26,1,1,3,113,06. Lost/Dormant
8493,19,1,593.42,3,1,3,313,03. New/High Value Single Buyer
8504,20,1,964.39,3,1,4,314,03. New/High Value Single Buyer
8511,14,1,94.05,4,1,1,411,06. Lost/Dormant
8517,18,1,466.11,3,1,2,312,06. Lost/Dormant
8529,60,1,132.99,1,1,1,111,06. Lost/Dormant
8532,3,1,87.08,4,1,1,411,06. Lost/Dormant
8542,39,1,164.55,2,1,1,211,06. Lost/Dormant
8552,58,1,176.31,1,1,1,111,06. Lost/Dormant
8575,18,1,808.85,3,1,4,314,03. New/High Value Single Buyer
8579,46,1,875.74,1,1,4,114,06. Lost/Dormant
8595,8,1,649.64,4,1,3,413,03. New/High Value Single Buyer
8598,7,1,126.6,4,1,1,411,06. Lost/Dormant
8609,48,1,346.79,1,1,2,112,06. Lost/Dormant
8612,17,1,483.75,3,1,2,312,06. Lost/Dormant
8616,34,1,827.48,2,1,4,214,06. Lost/Dormant
8620,6,1,289.48,4,1,2,412,06. Lost/Dormant
8622,4,1,294.76,4,1,2,412,06. Lost/Dormant
8625,42,1,168.12,2,1,1,211,06. Lost/Dormant
8640,16,1,938.12,3,1,4,314,03. New/High Value Single Buyer
8657,10,1,983.18,4,1,4,414,03. New/High Value Single Buyer
8685,33,1,619.19,2,1,3,213,06. Lost/Dormant
8692,13,1,841.33,4,1,4,414,03. New/High Value Single Buyer
8705,60,1,751.53,1,1,3,113,06. Lost/Dormant
8711,47,1,207.58,1,1,1,111,06. Lost/Dormant
8715,30,1,895.93,3,1,4,314,03. New/High Value Single Buyer
8719,60,1,338.56,1,1,2,112,06. Lost/Dormant
8724,60,1,623.35,1,1,3,113,06. Lost/Dormant
8736,5,1,202.6,4,1,1,411,06. Lost/Dormant
8758,19,1,123.25,3,1,1,311,06. Lost/Dormant
8770,57,1,100.31,1,1,1,111,06. Lost/Dormant
8780,9,1,26.47,4,1,1,411,06. Lost/Dormant
8790,44,1,56.1,2,1,1,211,06. Lost/Dormant
8796,25,1,747.86,3,1,3,313,03. New/High Value Single Buyer
8803,42,1,88.17,2,1,1,211,06. Lost/Dormant
8807,41,1,360.0,2,1,2,212,06. Lost/Dormant
8814,61,1,943.31,1,1,4,114,06. Lost/Dormant
8816,42,1,19.04,2,1,1,211,06. Lost/Dormant
8821,37,1,14.62,2,1,1,211,06. Lost/Dormant
8822,41,1,936.47,2,1,4,214,06. Lost/Dormant
8836,1,1,545.36,4,1,3,413,03. New/High Value Single Buyer
8848,48,1,594.88,1,1,3,113,06. Lost/Dormant
8859,27,1,783.62,3,1,4,314,03. New/High Value Single Buyer
8863,32,1,450.9,3,1,2,312,06. Lost/Dormant
8871,51,1,528.99,1,1,2,112,06. Lost/Dormant
8879,26,1,206.13,3,1,1,311,06. Lost/Dormant
8895,39,1,667.07,2,1,3,213,06. Lost/Dormant
8909,55,1,302.48,1,1,2,112,06. Lost/Dormant
8924,15,1,691.77,4,1,3,413,03. New/High Value Single Buyer
8925,45,1,988.62,2,1,4,214,06. Lost/Dormant
8933,44,1,727.34,2,1,3,213,06. Lost/Dormant
8951,11,1,350.3,4,1,2,412,06. Lost/Dormant
8982,20,1,324.11,3,1,2,312,06. Lost/Dormant
8993,60,1,16.55,1,1,1,111,06. Lost/Dormant
9004,26,1,760.58,3,1,3,313,03. New/High Value Single Buyer
9005,60,1,120.75,1,1,1,111,06. Lost/Dormant
9008,56,1,899.9,1,1,4,114,06. Lost/Dormant
9022,43,1,148.89,2,1,1,211,06. Lost/Dormant
9042,55,1,873.99,1,1,4,114,06. Lost/Dormant
9044,25,1,784.15,3,1,4,314,03. New/High Value Single Buyer
9054,7,1,699.22,4,1,3,413,03. New/High Value Single Buyer
9064,27,1,315.96,3,1,2,312,06. Lost/Dormant
9066,4,1,985.51,4,1,4,414,03. New/High Value Single Buyer
9084,46,1,224.71,1,1,1,111,06. Lost/Dormant
9105,44,1,329.64,2,1,2,212,06. Lost/Dormant
9108,23,1,883.52,3,1,4,314,03. New/High Value Single Buyer
9115,59,1,134.98,1,1,1,111,06. Lost/Dormant
9120,58,1,972.57,1,1,4,114,06. Lost/Dormant
9128,60,1,388.9,1,1,2,112,06. Lost/Dormant
9129,52,1,337.86,1,1,2,112,06. Lost/Dormant
9148,60,1,99.15,1,1,1,111,06. Lost/Dormant
9173,35,1,883.95,2,1,4,214,06. Lost/Dormant
9175,14,1,207.67,4,1,1,411,06. Lost/Dormant
9210,29,1,99.65,3,1,1,311,06. Lost/Dormant
9266,20,1,180.83,3,1,1,311,06. Lost/Dormant
9267,51,1,131.93,1,1,1,111,06. Lost/Dormant
9268,40,1,660.96,2,1,3,213,06. Lost/Dormant
9276,51,1,421.77,1,1,2,112,06. Lost/Dormant
9288,45,1,141.13,2,1,1,211,06. Lost/Dormant
9289,37,1,736.32,2,1,3,213,06. Lost/Dormant
9307,37,1,468.08,2,1,2,212,06. Lost/Dormant
9311,8,1,514.62,4,1,2,412,06. Lost/Dormant
9317,3,1,115.35,4,1,1,411,06. Lost/Dormant
9328,12,2,1710.17,4,4,4,444,01. Champions
9331,16,2,136.66,3,4,1,341,06. Lost/Dormant
9363,30,1,777.0,3,1,3,313,03. New/High Value Single Buyer
9368,38,1,64.88,2,1,1,211,06. Lost/Dormant
9369,54,1,576.99,1,1,3,113,06. Lost/Dormant
9374,44,1,403.9,2,1,2,212,06. Lost/Dormant
9376,26,1,574.96,3,1,3,313,03. New/High Value Single Buyer
9383,22,1,950.26,3,1,4,314,03. New/High Value Single Buyer
9393,42,1,844.64,2,1,4,214,06. Lost/Dormant
9409,60,1,865.98,1,1,4,114,06. Lost/Dormant
9418,54,1,383.43,1,1,2,112,06. Lost/Dormant
9426,10,1,513.65,4,1,2,412,06. Lost/Dormant
9442,41,1,95.87,2,1,1,211,06. Lost/Dormant
9443,25,1,249.52,3,1,1,311,06. Lost/Dormant
9444,36,1,989.23,2,1,4,214,06. Lost/Dormant
9452,7,1,133.43,4,1,1,411,06. Lost/Dormant
9462,6,1,380.17,4,1,2,412,06. Lost/Dormant
9465,45,1,382.57,2,1,2,212,06. Lost/Dormant
9475,13,1,247.9,4,1,1,411,06. Lost/Dormant
9482,61,1,739.56,1,1,3,113,06. Lost/Dormant
9488,52,1,311.08,1,1,2,112,06. Lost/Dormant
9508,32,1,157.45,3,1,1,311,06. Lost/Dormant
9510,18,1,450.62,3,1,2,312,06. Lost/Dormant
9514,15,2,1553.53,4,4,4,444,01. Champions
9535,33,1,419.85,2,1,2,212,06. Lost/Dormant
9537,51,1,688.46,1,1,3,113,06. Lost/Dormant
9538,19,1,982.29,3,1,4,314,03. New/High Value Single Buyer
9553,35,1,376.67,2,1,2,212,06. Lost/Dormant
9561,54,1,524.56,1,1,2,112,06. Lost/Dormant
9564,6,2,945.27,4,4,4,444,01. Champions
9571,49,1,364.34,1,1,2,112,06. Lost/Dormant
9576,38,1,77.0,2,1,1,211,06. Lost/Dormant
9582,3,1,143.9,4,1,1,411,06. Lost/Dormant
9584,56,2,1242.49,1,4,4,144,"04. At Risk (High F, Low R)"
9589,46,1,249.89,1,1,1,111,06. Lost/Dormant
9595,48,1,698.87,1,1,3,113,06. Lost/Dormant
9609,37,1,320.62,2,1,2,212,06. Lost/Dormant
9615,22,1,704.3,3,1,3,313,03. New/High Value Single Buyer
9621,19,1,256.28,3,1,1,311,06. Lost/Dormant
9622,6,1,371.24,4,1,2,412,06. Lost/Dormant
9625,45,1,817.06,2,1,4,214,06. Lost/Dormant
9669,45,1,971.37,2,1,4,214,06. Lost/Dormant
9673,15,1,281.99,4,1,2,412,06. Lost/Dormant
9674,39,1,769.17,2,1,3,213,06. Lost/Dormant
9680,42,2,844.6,2,4,4,244,"04. At Risk (High F, Low R)"
9689,14,1,58.09,4,1,1,411,06. Lost/Dormant
9693,29,1,201.96,3,1,1,311,06. Lost/Dormant
9700,47,1,641.57,1,1,3,113,06. Lost/Dormant
9702,35,1,570.27,2,1,3,213,06. Lost/Dormant
9740,56,1,507.55,1,1,2,112,06. Lost/Dormant
9747,43,1,878.7,2,1,4,214,06. Lost/Dormant
9751,15,1,252.36,4,1,1,411,06. Lost/Dormant
9756,36,1,225.65,2,1,1,211,06. Lost/Dormant
9761,22,1,58.1,3,1,1,311,06. Lost/Dormant
9785,40,1,939.84,2,1,4,214,06. Lost/Dormant
9788,41,1,396.82,2,1,2,212,06. Lost/Dormant
9796,50,1,372.14,1,1,2,112,06. Lost/Dormant
9797,13,1,274.16,4,1,2,412,06. Lost/Dormant
9802,36,1,533.55,2,1,2,212,06. Lost/Dormant
9806,10,1,667.45,4,1,3,413,03. New/High Value Single Buyer
9821,50,1,979.58,1,1,4,114,06. Lost/Dormant
9824,31,2,622.27,3,4,3,343,06. Lost/Dormant
9835,53,1,657.0,1,1,3,113,06. Lost/Dormant
9841,47,1,806.66,1,1,4,114,06. Lost/Dormant
9849,45,1,663.99,2,1,3,213,06. Lost/Dormant
9864,59,1,621.28,1,1,3,113,06. Lost/Dormant
9871,35,2,1820.53,2,4,4,244,"04. At Risk (High F, Low R)"
9880,9,1,759.22,4,1,3,413,03. New/High Value Single Buyer
9892,17,1,495.19,3,1,2,312,06. Lost/Dormant
9897,25,1,661.53,3,1,3,313,03. New/High Value Single Buyer
9899,37,1,896.8,2,1,4,214,06. Lost/Dormant
9901,28,1,498.97,3,1,2,312,06. Lost/Dormant
9907,11,1,29.33,4,1,1,411,06. Lost/Dormant
9908,35,1,265.23,2,1,1,211,06. Lost/Dormant
9918,25,1,182.11,3,1,1,311,06. Lost/Dormant
9922,47,1,651.16,1,1,3,113,06. Lost/Dormant
9941,43,1,960.53,2,1,4,214,06. Lost/Dormant
9950,39,1,679.11,2,1,3,213,06. Lost/Dormant
9954,13,1,798.01,4,1,4,414,03. New/High Value Single Buyer
9985,58,1,36.1,1,1,1,111,06. Lost/Dormant
9991,31,1,626.81,3,1,3,313,03. New/High Value Single Buyer
